{
    "displayName": "Block PHI sharing externally",
    "description": "Block PHI from leaving org",
    "isEnabled": true,
    "mode": "enforce",
    "priority": 1,
    "rules": [
        {
            "id": "rule-13641",
            "name": "Block PHI sharing externally",
            "actions": [
                {
                    "type": "blockAccess"
                }
            ],
            "conditions": {
                "contentContainsSensitiveInformation": [
                    {
                        "sensitiveTypeId": "healthcare-phi-sit",
                        "minCount": 1,
                        "confidenceLevel": "high"
                    }
                ],
                "contentContainsAnyOfWords": []
            },
            "locations": [
                "Exchange",
                "Teams",
                "SharePoint"
            ],
            "userNotification": {
                "isEnabled": true,
                "templateId": "default-notification-template"
            },
            "incidentReport": {
                "isEnabled": true,
                "recipients": [
                    "compliance@company.com"
                ]
            }
        }
    ]
}