{
    "displayName": "Audit confidential document sharing",
    "description": "Monitor sharing of confidential files.",
    "isEnabled": true,
    "mode": "test",
    "priority": 1,
    "rules": [
        {
            "id": "rule-7569",
            "name": "Audit confidential document sharing",
            "actions": [
                {
                    "type": "audit"
                }
            ],
            "conditions": {
                "contentContainsSensitiveInformation": [
                    {
                        "sensitiveTypeId": "general-confidential-data-sit",
                        "minCount": 1,
                        "confidenceLevel": "high"
                    }
                ],
                "contentContainsAnyOfWords": []
            },
            "locations": [
                "Exchange",
                "Teams",
                "OneDrive",
                "SharePoint"
            ],
            "userNotification": {
                "isEnabled": true,
                "templateId": "default-notification-template"
            },
            "incidentReport": {
                "isEnabled": true,
                "recipients": [
                    "dlp-alerts@company.com"
                ]
            }
        }
    ]
}